{
    "precision": 0.9096212837934693,
    "recall": 0.935064935064935,
    "f1_score": 0.9208535572171935,
    "accuracy": 0.935064935064935
}