{
    "precision": 0.9241483154526632,
    "recall": 0.9383116883116883,
    "f1_score": 0.9300406530863383,
    "accuracy": 0.9383116883116883
}